{
    "titulo": "Rextrusion",
    "autor": "Ed Stastny",
    "autorBio": "Ed Stastny has been making Internetbased art for over 20 years, starting with collaborative fiction projects on dialup BBS systems. When graphical exchange was possible via FTP and the thennew World Wide Web, Ed created collaborative art projects on his website, SITO.ORG.",
    "ano": "2012",
    "descricao": "This exhibit is an interactive twodimensional image generated by the structured tessellation of handcrafted image tiles which are designed so their edges mutually match. The tiles will seamlessly fill space as the user changes the overall shape of the image.",
    "www": "http://www.sito.org",
    "imagens": ["01.png"]
}
