{
    "titulo": "Solo Show",
    "autor": "Sandra Gamarra Heshiki",
    "autorBio": "Sandra Gamarra Heshiki (b. Lima, Peru, 1972) is founder of LiMac, a fictitious museum project started in 2002 in response to the lack of contemporary museum in Lima. Since then, the museum appeared under divers forms such as souvenirs, stands, the production of works for its different collections, the organization of real and virtual exhibitions as well as a large database on www.li-mac.org.",
    "ano": "2014",    
    "descricao": "The Other Side is a fictive online artwork employing image, icon and word to present a fluid unravelling of imagined cosmic migration – the inter-galactic journeying of belonging, un-belonging and longing. Inspired in part by the short online art scroller - Be Eaten http://www.mintarts.com/projects/BeEaten.html The Other Side will present an Afro futuristic exploration of the notion of diaspora. By distilling universal codifiers, themes, emblems, alphabets  and modes via drawing, charcoal scratching, word and tracing, The Other Side will present a coherent visual online scroll that is both otherworldly and yet strangely familiar.The Other Side is a fictive online artwork employing image, icon and word to present a fluid unravelling of imagined cosmic migration – the inter-galactic journeying of belonging, un-belonging and longing. Inspired in part by the short online art scroller - Be Eaten http://www.mintarts.com/projects/BeEaten.html The Other Side will present an Afro futuristic exploration of the notion of diaspora. By distilling universal codifiers, themes, emblems, alphabets  and modes via drawing, charcoal scratching, word and tracing, The Other Side will present a coherent visual online scroll that is both otherworldly and yet strangely familiar.The Other Side is a fictive online artwork employing image, icon and word to present a fluid unravelling of imagined cosmic migration – the inter-galactic journeying of belonging, un-belonging and longing. Inspired in part by the short online art scroller - Be Eaten http://www.mintarts.com/projects/BeEaten.html The Other Side will present an Afro futuristic exploration of the notion of diaspora. By distilling universal codifiers, themes, emblems, alphabets  and modes via drawing, charcoal scratching, word and tracing, The Other Side will present a coherent visual online scroll that is both otherworldly and yet strangely familiar.The Other Side is a fictive online artwork employing image, icon and word to present a fluid unravelling of imagined cosmic migration – the inter-galactic journeying of belonging, un-belonging and longing. Inspired in part by the short online art scroller - Be Eaten http://www.mintarts.com/projects/BeEaten.html The Other Side will present an Afro futuristic exploration of the notion of diaspora. By distilling universal codifiers, themes, emblems, alphabets  and modes via drawing, charcoal scratching, word and tracing, The Other Side will present a coherent visual online scroll that is both otherworldly and yet strangely familiar.The Other Side is a fictive online artwork employing image, icon and word to present a fluid unravelling of imagined cosmic migration – the inter-galactic journeying of belonging, un-belonging and longing. Inspired in part by the short online art scroller - Be Eaten http://www.mintarts.com/projects/BeEaten.html The Other Side will present an Afro futuristic exploration of the notion of diaspora. By distilling universal codifiers, themes, emblems, alphabets  and modes via drawing, charcoal scratching, word and tracing, The Other Side will present a coherent visual online scroll that is both otherworldly and yet strangely familiar.The Other Side is a fictive online artwork employing image, icon and word to present a fluid unravelling of imagined cosmic migration – the inter-galactic journeying of belonging, un-belonging and longing. Inspired in part by the short online art scroller - Be Eaten http://www.mintarts.com/projects/BeEaten.html The Other Side will present an Afro futuristic exploration of the notion of diaspora. By distilling universal codifiers, themes, emblems, alphabets  and modes via drawing, charcoal scratching, word and tracing, The Other Side will present a coherent visual online scroll that is both otherworldly and yet strangely familiar.The Other Side is a fictive online artwork employing image, icon and word to present a fluid unravelling of imagined cosmic migration – the inter-galactic journeying of belonging, un-belonging and longing. Inspired in part by the short online art scroller - Be Eaten http://www.mintarts.com/projects/BeEaten.html The Other Side will present an Afro futuristic exploration of the notion of diaspora. By distilling universal codifiers, themes, emblems, alphabets  and modes via drawing, charcoal scratching, word and tracing, The Other Side will present a coherent visual online scroll that is both otherworldly and yet strangely familiar.The Other Side is a fictive online artwork employing image, icon and word to present a fluid unravelling of imagined cosmic migration – the inter-galactic journeying of belonging, un-belonging and longing. Inspired in part by the short online art scroller - Be Eaten http://www.mintarts.com/projects/BeEaten.html The Other Side will present an Afro futuristic exploration of the notion of diaspora. By distilling universal codifiers, themes, emblems, alphabets  and modes via drawing, charcoal scratching, word and tracing, The Other Side will present a coherent visual online scroll that is both otherworldly and yet strangely familiar.The Other Side is a fictive online artwork employing image, icon and word to present a fluid unravelling of imagined cosmic migration – the inter-galactic journeying of belonging, un-belonging and longing. Inspired in part by the short online art scroller - Be Eaten http://www.mintarts.com/projects/BeEaten.html The Other Side will present an Afro futuristic exploration of the notion of diaspora. By distilling universal codifiers, themes, emblems, alphabets  and modes via drawing, charcoal scratching, word and tracing, The Other Side will present a coherent visual online scroll that is both otherworldly and yet strangely familiar.The Other Side is a fictive online artwork employing image, icon and word to present a fluid unravelling of imagined cosmic migration – the inter-galactic journeying of belonging, un-belonging and longing. Inspired in part by the short online art scroller - Be Eaten http://www.mintarts.com/projects/BeEaten.html The Other Side will present an Afro futuristic exploration of the notion of diaspora. By distilling universal codifiers, themes, emblems, alphabets  and modes via drawing, charcoal scratching, word and tracing, The Other Side will present a coherent visual online scroll that is both otherworldly and yet strangely familiar.The Other Side is a fictive online artwork employing image, icon and word to present a fluid unravelling of imagined cosmic migration – the inter-galactic journeying of belonging, un-belonging and longing. Inspired in part by the short online art scroller - Be Eaten http://www.mintarts.com/projects/BeEaten.html The Other Side will present an Afro futuristic exploration of the notion of diaspora. By distilling universal codifiers, themes, emblems, alphabets  and modes via drawing, charcoal scratching, word and tracing, The Other Side will present a coherent visual online scroll that is both otherworldly and yet strangely familiar.The Other Side is a fictive online artwork employing image, icon and word to present a fluid unravelling of imagined cosmic migration – the inter-galactic journeying of belonging, un-belonging and longing. Inspired in part by the short online art scroller - Be Eaten http://www.mintarts.com/projects/BeEaten.html The Other Side will present an Afro futuristic exploration of the notion of diaspora. By distilling universal codifiers, themes, emblems, alphabets  and modes via drawing, charcoal scratching, word and tracing, The Other Side will present a coherent visual online scroll that is both otherworldly and yet strangely familiar.The Other Side is a fictive online artwork employing image, icon and word to present a fluid unravelling of imagined cosmic migration – the inter-galactic journeying of belonging, un-belonging and longing. Inspired in part by the short online art scroller - Be Eaten http://www.mintarts.com/projects/BeEaten.html The Other Side will present an Afro futuristic exploration of the notion of diaspora. By distilling universal codifiers, themes, emblems, alphabets  and modes via drawing, charcoal scratching, word and tracing, The Other Side will present a coherent visual online scroll that is both otherworldly and yet strangely familiar.The Other Side is a fictive online artwork employing image, icon and word to present a fluid unravelling of imagined cosmic migration – the inter-galactic journeying of belonging, un-belonging and longing. Inspired in part by the short online art scroller - Be Eaten http://www.mintarts.com/projects/BeEaten.html The Other Side will present an Afro futuristic exploration of the notion of diaspora. By distilling universal codifiers, themes, emblems, alphabets  and modes via drawing, charcoal scratching, word and tracing, The Other Side will present a coherent visual online scroll that is both otherworldly and yet strangely familiar.The Other Side is a fictive online artwork employing image, icon and word to present a fluid unravelling of imagined cosmic migration – the inter-galactic journeying of belonging, un-belonging and longing. Inspired in part by the short online art scroller - Be Eaten http://www.mintarts.com/projects/BeEaten.html The Other Side will present an Afro futuristic exploration of the notion of diaspora. By distilling universal codifiers, themes, emblems, alphabets  and modes via drawing, charcoal scratching, word and tracing, The Other Side will present a coherent visual online scroll that is both otherworldly and yet strangely familiar.",
    "www": "http://www.li-mac.org",
    "imagens": ["main1.jpg"]
}
