{
    "titulo": "O BRILHARETE – Zona Pictórica Imaterial",
    "autor": "BEMBOM -studio",
    "autorBio": "BEM BOM é um estúdio de design multidisciplinar, sediado em Lisboa. Juntos desenvolvemos estratégias de investigação e projecto específicas para cada desafio, profissional ou onírico.",
    "ano": "2009",
    "descricao": "O BRIL HARE TE - Zona Pictórica Imaterial – é uma plataforma on-line para a compra e/ou aluguer de espaço imaterial. Um espaço virtual - website - onde cada utilizador poderá adquirir um pedaço de infinito; o vazio ou um conjunto de pontos brilhantes num ecrã. Em cada transação o comprador adquire um documento/certidão de propriedade desse espaço, que não é mais do que a representação pictórica de um conceito. Prentendemos deste modo questionar de uma forma irónica, os limites/ fronteiras da natureza inexistente ou inalcançável no espaço da web.",
    "www": "http://obrilharete.com/",
    "imagens": ["main4.jpg"]
}
