{
    "titulo": "Radio Nouspace",
    "autor": "John F. Barber",
    "autorBio": "John F. Barber teaches in the Creative Media & Digital Culture Program at Washington State University Vancouver. His sound art work has been jury selected for broadcast as part of RadiaLX (2014 and 2012, both in Lisbon, Portugal), and Echoes 1-4 (2013-2014, Lisbon, Portugal).",
    "ano": "2014",
    "descricao": "Radio Nouspace is a web-based radio station that archives and curates sound(s) of digital narrative and storytelling.",
    "www": "http://www.radionouspace.net",
    "imagens": ["main.gif"]
}
